id,task,task_type,status,depends_on,task_dir,acceptance_criteria,validation_command,completed_at,retry_count,notes
1,Initialize repository and epic artifacts,single-full,DONE,,tasks/20260429-foundation,Git initialized with first commit,test -d .git,2026-04-29T00:00:00,0,Local and GitHub repository initialized
2,Build Python agent service,single-full,DONE,1,tasks/20260429-agent,Agent can parse files and generate report JSON,pytest agent/tests -q,2026-04-29T02:15:00,0,FastAPI service parses docx/pdf/md and converts Markdown to DOCX via pandoc
3,Build Go backend API,single-full,DONE,1;2,tasks/20260429-backend,Backend proxies upload flow to agent and exposes agent health,go test ./...,2026-04-29T02:15:00,0,Go backend serves built frontend and forwards uploads to agent service
4,Build frontend upload app,single-full,DONE,1;3,tasks/20260429-frontend,React frontend uploads files and renders result,npm --prefix frontend run build,2026-04-29T02:15:00,0,React + Vite frontend replaces static HTML and supports preview/download UX
5,Run integration validation and publish commits,single-full,DONE,2;3;4,tasks/20260429-integration,All validations and pushes succeed,make test,2026-04-29T02:20:00,0,Validation passed and remote push completed; live generation remains externally blocked by upstream quota
6,Enhance backend capabilities and integration coverage,single-full,DONE,5,tasks/20260429-backend-iteration2,Backend exposes capability metadata and upload path has end-to-end tests,go test ./...,2026-04-29T03:02:00,0,Added capability contract endpoint and handler tests with injected agent interface
7,Improve React UX with drag-drop and capability awareness,single-full,DONE,6,tasks/20260429-frontend-iteration2,Frontend shows system capabilities and drag-drop upload flow,npm --prefix frontend run build,2026-04-29T03:02:00,0,Added drag-drop upload zones, capability panel, and periodic health refresh hook
8,Run second-round validation and publish iteration commit,single-full,DONE,6;7,tasks/20260429-release-iteration2,Tests pass and new commit is pushed,make test,2026-04-29T03:05:00,0,Second iteration committed and pushed to main
9,Standardize backend error contracts and frontend error UX,single-full,DONE,8,tasks/20260429-error-iteration3,Upload failures return structured JSON and frontend renders actionable error state,make test,2026-04-29T03:06:00,0,Structured JSON errors now expose code/message/source and UI maps quota failures to explicit messaging
10,Run third-round validation and publish iteration commit,single-full,DONE,9,tasks/20260429-release-iteration3,Tests pass and commit is pushed,make test,2026-04-29T03:08:00,0,Third iteration validated and pushed to main
11,Add one-click startup script and Makefile entry,single-full,DONE,10,tasks/20260429-dev-script,Project can boot agent and backend from one command,bash scripts/dev.sh,2026-04-29T10:19:00,0,Added scripts/dev.sh plus make dev/setup shortcuts
12,Validate one-click startup and publish iteration commit,single-full,DONE,11,tasks/20260429-release-iteration4,Script boots services and commit is pushed,bash scripts/dev.sh,2026-04-29T10:20:00,0,One-click startup validated and pushed to main
13,Add agent-local env loading support,single-full,DONE,12,tasks/20260429-agent-env,Agent reads local env file and startup script auto-loads it,python3 -c "from app.config import load_settings; print(load_settings().llm_model)",2026-04-29T10:25:00,0,Created local agent .env and added loader in Python plus shell bootstrap sourcing
14,Validate agent env workflow and publish iteration commit,single-full,IN_PROGRESS,13,tasks/20260429-release-iteration5,Env-backed startup works and commit is pushed,bash scripts/dev.sh,,0,Verified startup without exported LLM vars; preparing commit
